{"cameraMode":{"drawMode":0,"name":"Shaded","section":"Shading Mode"},"sceneLighting":false,"audioPlay":false,"sceneViewState":{"showFog":true,"showMaterialUpdate":false,"showSkybox":false,"showFlares":true,"showImageEffects":true,"showParticleSystems":true},"in2DMode":false,"pivot":{"x":-11.915574073791504,"y":-26.88056182861328,"z":147.88804626464845},"rotation":{"x":0.08566301316022873,"y":-0.031070485711097719,"z":0.0027219923213124277,"w":0.9958618879318237},"size":231.9933624267578,"orthographic":false}